TaskSet,TrEDF,NtEDF,TrEDFminT,NtEDFminT,TrEDFmaxT,NtEDFmaxT,TrEDFminOP,NtEDFminOP,TrEDFmaxOP,NtEDFmaxOP
TaskSet0,0,0,0,0,0,0,0,0,0,0
TaskSet1,0,0,0,0,0,0,0,0,0,0
TaskSet2,0,0,0,0,0,0,0,0,0,0
TaskSet3,0,0,0,0,0,0,0,0,0,0
TaskSet4,0,0,0,0,0,0,0,0,0,0
TaskSet5,0,0,0,0,0,0,0,0,0,0
TaskSet6,0,0,0,0,0,0,0,0,0,0
TaskSet7,0,0,0,0,0,0,0,0,0,0
TaskSet8,0,0,0,0,0,0,0,0,0,0
TaskSet9,0,0,0,0,0,0,0,0,0,0
TaskSet10,0,0,0,0,0,0,0,0,0,0
TaskSet11,0,0,0,0,0,0,0,0,0,0
TaskSet12,0,0,0,0,0,0,0,0,0,0
TaskSet13,0,0,0,0,0,0,0,0,0,0
TaskSet14,0,0,0,0,0,0,0,0,0,0
TaskSet15,0,0,0,0,0,0,0,0,0,0
TaskSet16,0,0,0,0,0,0,0,0,0,0
TaskSet17,0,0,0,0,0,0,0,0,0,0
TaskSet18,0,0,0,0,0,0,0,0,0,0
TaskSet19,0,0,0,0,0,0,0,0,0,0
TaskSet20,0,0,0,0,0,0,0,0,0,0
TaskSet21,0,0,0,0,0,0,0,0,0,0
TaskSet22,0,0,0,0,0,0,0,0,0,0
TaskSet23,0,0,0,0,0,0,0,0,0,0
TaskSet24,0,0,0,0,0,0,0,0,0,0
TaskSet25,0,0,0,0,0,0,0,0,0,0
TaskSet26,0,0,0,0,0,0,0,0,0,0
TaskSet27,0,0,0,0,0,0,0,0,0,0
TaskSet28,0,0,0,0,0,0,0,0,0,0
TaskSet29,0,0,0,0,0,0,0,0,0,0
TaskSet30,0,0,0,0,0,0,0,0,0,0
TaskSet31,0,0,0,0,0,0,0,0,0,0
TaskSet32,0,0,0,0,0,0,0,0,0,0
TaskSet33,0,0,0,0,0,0,0,0,0,0
TaskSet34,0,0,0,0,0,0,0,0,0,0
TaskSet35,0,0,0,0,0,0,0,0,0,0
TaskSet36,0,0,0,0,0,0,0,0,0,0
TaskSet37,0,0,0,0,0,0,0,0,0,0
TaskSet38,0,0,0,0,0,0,0,0,0,0
TaskSet39,0,0,0,0,0,0,0,0,0,0
TaskSet40,0,0,0,0,0,0,0,0,0,0
TaskSet41,0,0,0,0,0,0,0,0,0,0
TaskSet42,0,0,0,0,0,0,0,0,0,0
TaskSet43,0,0,0,0,0,0,0,0,0,0
TaskSet44,0,0,0,0,0,0,0,0,0,0
TaskSet45,0,0,0,0,0,0,0,0,0,0
TaskSet46,0,0,0,0,0,0,0,0,0,0
TaskSet47,0,0,0,0,0,0,0,0,0,0
TaskSet48,0,0,0,0,0,0,0,0,0,0
TaskSet49,0,0,0,0,0,0,0,0,0,0
TaskSet50,0,0,0,0,0,0,0,0,0,0
TaskSet51,0,0,0,0,0,0,0,0,0,0
TaskSet52,0,0,0,0,0,0,0,0,0,0
TaskSet53,0,0,0,0,0,0,0,0,0,0
TaskSet54,0,0,0,0,0,0,0,0,0,0
TaskSet55,0,0,0,0,0,0,0,0,0,0
TaskSet56,0,0,0,0,0,0,0,0,0,0
TaskSet57,0,0,0,0,0,0,0,0,0,0
TaskSet58,0,0,0,0,0,0,0,0,0,0
TaskSet59,0,0,0,0,0,0,0,0,0,0
TaskSet60,0,0,0,0,0,0,0,0,0,0
TaskSet61,0,0,0,0,0,0,0,0,0,0
TaskSet62,0,0,0,0,0,0,0,0,0,0
TaskSet63,0,0,0,0,0,0,0,0,0,0
TaskSet64,0,0,0,0,0,0,0,0,0,0
TaskSet65,0,0,0,0,0,0,0,0,0,0
TaskSet66,0,0,0,0,0,0,0,0,0,0
TaskSet67,0,0,0,0,0,0,0,0,0,0
TaskSet68,0,0,0,0,0,0,0,0,0,0
TaskSet69,0,0,0,0,0,0,0,0,0,0
TaskSet70,0,0,0,0,0,0,0,0,0,0
TaskSet71,0,0,0,0,0,0,0,0,0,0
TaskSet72,0,0,0,0,0,0,0,0,0,0
TaskSet73,0,0,0,0,0,0,0,0,0,0
TaskSet74,0,0,0,0,0,0,0,0,0,0
TaskSet75,0,0,0,0,0,0,0,0,0,0
TaskSet76,0,0,0,0,0,0,0,0,0,0
TaskSet77,0,0,0,0,0,0,0,0,0,0
TaskSet78,0,0,0,0,0,0,0,0,0,0
TaskSet79,0,0,0,0,0,0,0,0,0,0
TaskSet80,0,0,0,0,0,0,0,0,0,0
TaskSet81,0,0,0,0,0,0,0,0,0,0
TaskSet82,0,0,0,0,0,0,0,0,0,0
TaskSet83,0,0,0,0,0,0,0,0,0,0
TaskSet84,0,0,0,0,0,0,0,0,0,0
TaskSet85,0,0,0,0,0,0,0,0,0,0
TaskSet86,0,0,0,0,0,0,0,0,0,0
TaskSet87,0,0,0,0,0,0,0,0,0,0
TaskSet88,0,0,0,0,0,0,0,0,0,0
TaskSet89,0,0,0,0,0,0,0,0,0,0
TaskSet90,0,0,0,0,0,0,0,0,0,0
TaskSet91,0,0,0,0,0,0,0,0,0,0
TaskSet92,0,0,0,0,0,0,0,0,0,0
TaskSet93,0,0,0,0,0,0,0,0,0,0
TaskSet94,0,0,0,0,0,0,0,0,0,0
TaskSet95,0,0,0,0,0,0,0,0,0,0
TaskSet96,0,0,0,0,0,0,0,0,0,0
TaskSet97,0,0,0,0,0,0,0,0,0,0
TaskSet98,0,0,0,0,0,0,0,0,0,0
TaskSet99,0,0,0,0,0,0,0,0,0,0
TaskSet100,0,0,0,0,0,0,0,0,0,0
TaskSet101,0,0,0,0,0,0,0,0,0,0
TaskSet102,0,0,0,0,0,0,0,0,0,0
TaskSet103,0,0,0,0,0,0,0,0,0,0
TaskSet104,0,0,0,0,0,0,0,0,0,0
TaskSet105,0,0,0,0,0,0,0,0,0,0
TaskSet106,0,0,0,0,0,0,0,0,0,0
TaskSet107,0,0,0,0,0,0,0,0,0,0
TaskSet108,0,0,0,0,0,0,0,0,0,0
TaskSet109,0,0,0,0,0,0,0,0,0,0
TaskSet110,0,0,0,0,0,0,0,0,0,0
TaskSet111,0,0,0,0,0,0,0,0,0,0
TaskSet112,0,0,0,0,0,0,0,0,0,0
TaskSet113,0,0,0,0,0,0,0,0,0,0
TaskSet114,0,0,0,0,0,0,0,0,0,0
TaskSet115,0,0,0,0,0,0,0,0,0,0
TaskSet116,0,0,0,0,0,0,0,0,0,0
TaskSet117,0,0,0,0,0,0,0,0,0,0
TaskSet118,0,0,0,0,0,0,0,0,0,0
TaskSet119,0,0,0,0,0,0,0,0,0,0
TaskSet120,0,0,0,0,0,0,0,0,0,0
TaskSet121,0,0,0,0,0,0,0,0,0,0
TaskSet122,0,0,0,0,0,0,0,0,0,0
TaskSet123,0,0,0,0,0,0,0,0,0,0
TaskSet124,0,0,0,0,0,0,0,0,0,0
TaskSet125,0,0,0,0,0,0,0,0,0,0
TaskSet126,0,0,0,0,0,0,0,0,0,0
TaskSet127,0,0,0,0,0,0,0,0,0,0
TaskSet128,0,0,0,0,0,0,0,0,0,0
TaskSet129,0,0,0,0,0,0,0,0,0,0
TaskSet130,0,0,0,0,0,0,0,0,0,0
TaskSet131,0,0,0,0,0,0,0,0,0,0
TaskSet132,0,0,0,0,0,0,0,0,0,0
TaskSet133,0,0,0,0,0,0,0,0,0,0
TaskSet134,0,0,0,0,0,0,0,0,0,0
TaskSet135,0,0,0,0,0,0,0,0,0,0
TaskSet136,0,0,0,0,0,0,0,0,0,0
TaskSet137,0,0,0,0,0,0,0,0,0,0
TaskSet138,0,0,0,0,0,0,0,0,0,0
TaskSet139,0,0,0,0,0,0,0,0,0,0
TaskSet140,0,0,0,0,0,0,0,0,0,0
TaskSet141,0,0,0,0,0,0,0,0,0,0
TaskSet142,0,0,0,0,0,0,0,0,0,0
TaskSet143,0,0,0,0,0,0,0,0,0,0
TaskSet144,0,0,0,0,0,0,0,0,0,0
TaskSet145,0,0,0,0,0,0,0,0,0,0
TaskSet146,0,0,0,0,0,0,0,0,0,0
TaskSet147,0,0,0,0,0,0,0,0,0,0
TaskSet148,0,0,0,0,0,0,0,0,0,0
TaskSet149,0,0,0,0,0,0,0,0,0,0
TaskSet150,0,0,0,0,0,0,0,0,0,0
TaskSet151,0,0,0,0,0,0,0,0,0,0
TaskSet152,0,0,0,0,0,0,0,0,0,0
TaskSet153,0,0,0,0,0,0,0,0,0,0
TaskSet154,0,0,0,0,0,0,0,0,0,0
TaskSet155,0,0,0,0,0,0,0,0,0,0
TaskSet156,0,0,0,0,0,0,0,0,0,0
TaskSet157,0,0,0,0,0,0,0,0,0,0
TaskSet158,0,0,0,0,0,0,0,0,0,0
TaskSet159,0,0,0,0,0,0,0,0,0,0
TaskSet160,0,0,0,0,0,0,0,0,0,0
TaskSet161,0,0,0,0,0,0,0,0,0,0
TaskSet162,0,0,0,0,0,0,0,0,0,0
TaskSet163,0,0,0,0,0,0,0,0,0,0
TaskSet164,0,0,0,0,0,0,0,0,0,0
TaskSet165,0,0,0,0,0,0,0,0,0,0
TaskSet166,0,0,0,0,0,0,0,0,0,0
TaskSet167,0,0,0,0,0,0,0,0,0,0
TaskSet168,0,0,0,0,0,0,0,0,0,0
TaskSet169,0,0,0,0,0,0,0,0,0,0
TaskSet170,0,0,0,0,0,0,0,0,0,0
TaskSet171,0,0,0,0,0,0,0,0,0,0
TaskSet172,0,0,0,0,0,0,0,0,0,0
TaskSet173,0,0,0,0,0,0,0,0,0,0
TaskSet174,0,0,0,0,0,0,0,0,0,0
TaskSet175,0,0,0,0,0,0,0,0,0,0
TaskSet176,0,0,0,0,0,0,0,0,0,0
TaskSet177,0,0,0,0,0,0,0,0,0,0
TaskSet178,0,0,0,0,0,0,0,0,0,0
TaskSet179,0,0,0,0,0,0,0,0,0,0
TaskSet180,0,0,0,0,0,0,0,0,0,0
TaskSet181,0,0,0,0,0,0,0,0,0,0
TaskSet182,0,0,0,0,0,0,0,0,0,0
TaskSet183,0,0,0,0,0,0,0,0,0,0
TaskSet184,0,0,0,0,0,0,0,0,0,0
TaskSet185,0,0,0,0,0,0,0,0,0,0
TaskSet186,0,0,0,0,0,0,0,0,0,0
TaskSet187,0,0,0,0,0,0,0,0,0,0
TaskSet188,0,0,0,0,0,0,0,0,0,0
TaskSet189,0,0,0,0,0,0,0,0,0,0
TaskSet190,0,0,0,0,0,0,0,0,0,0
TaskSet191,0,0,0,0,0,0,0,0,0,0
TaskSet192,0,0,0,0,0,0,0,0,0,0
TaskSet193,0,0,0,0,0,0,0,0,0,0
TaskSet194,0,0,0,0,0,0,0,0,0,0
TaskSet195,0,0,0,0,0,0,0,0,0,0
TaskSet196,0,0,0,0,0,0,0,0,0,0
TaskSet197,0,0,0,0,0,0,0,0,0,0
TaskSet198,0,0,0,0,0,0,0,0,0,0
TaskSet199,0,0,0,0,0,0,0,0,0,0
